0,65,64,63,63,64,65,67,70,77,86,96,105,112,118,124,131,138,147,156,165,174,180,186,191,193,194,195,128,128,128,128,128,128,128,128,128,128,129,131,133,135,137,139,142,145,149,152,155,157,158,159,159,160,160,179,179,179,179,178,176,175,172,169,166,163,159,155,151,147,143,139,135,130,125,120,115,111,108,105,103,101,99,98,98,98,100,104,110,119,128,136,143,151,159,166,171,176,180,183,186,189,192,195,198,200,203,205,206,207,208,208,208,208,208,208,208
0,58,61,67,74,79,83,86,89,93,99,107,119,131,141,148,153,155,156,156,157,157,158,159,162,166,169,173,175,176,177,119,119,119,119,119,119,119,119,119,119,119,120,122,125,127,130,134,139,143,147,151,153,154,154,155,155,163,163,163,163,163,162,160,157,154,149,145,141,137,133,129,126,122,119,116,114,112,111,109,108,106,105,104,103,103,103,104,106,110,114,119,125,131,137,145,153,162,169,177,182,187,191,196,200,204,208,211,212,214,214,214,214,214,214,29
0,48,51,58,72,87,102,118,130,138,146,152,158,165,174,184,196,206,212,217,218,219,120,120,120,120,120,120,120,120,120,120,121,121,123,124,125,126,127,129,130,132,135,137,138,141,142,143,144,145,147,149,151,155,156,157,158,170,170,170,170,170,170,170,170,169,168,166,164,161,157,152,146,140,135,129,122,116,110,105,100,95,92,90,89,88,87,85,84,83,82,82,82,82,82,84,85,88,91,95,100,104,107,110,113,116,120,125,130,136,142,147,151,155,159,163,168,173,177,182,186,191,196,202,207,212,216,219,221,222,222,223,223,223,222,221,218,216,213,211,210,209,209
0,51,53,58,66,77,91,106,124,143,160,176,190,200,206,210,212,213,213,147,147,147,147,147,147,147,147,147,147,147,148,149,151,153,155,157,159,160,161,162,164,164,165,165,176,176,175,174,173,172,169,166,162,156,150,143,136,128,122,116,110,106,103,99,96,94,93,93,95,98,103,107,113,119,128,138,150,160,168,175,180,183,186,189,194,198,203,208,212,215,217,218,218,218,218,217,215,214,213,212,212
0,49,50,54,59,65,72,81,91,104,120,135,148,158,165,171,173,174,124,124,124,124,124,124,124,124,124,124,124,124,125,127,129,132,141,145,147,150,152,154,156,157,157,158,158,159,159,162,162,162,162,162,162,160,158,155,153,150,147,145,143,140,138,135,132,130,127,124,121,118,115,113,111,109,108,106,104,102,100,98,96,94,93,92,92,93,95,98,101,104,107,112,117,123,128,134,138,143,150,158,167,175,182,188,193,197,200,202,204,205,206,207,207,207,207,207,207,207
0,46,47,50,57,71,86,99,111,120,127,132,135,138,142,147,152,159,165,171,175,178,179,180,113,113,113,113,113,113,113,113,113,113,113,114,117,121,125,129,132,135,138,140,142,144,144,145,145,145,155,155,155,154,153,151,150,147,145,137,135,132,130,128,125,121,118,114,111,109,107,105,103,100,97,93,90,87,85,84,83,83,83,84,88,93,98,102,107,113,118,125,131,136,140,144,147,151,156,161,167,172,177,182,186,190,193,195,197,199,200,201,201,201,201,201,200
0,66,67,71,77,82,87,92,97,102,108,115,122,128,134,138,141,144,147,151,155,160,164,167,169,170,171,171,171,172,173,131,131,131,131,131,131,131,131,131,131,131,131,131,131,132,134,136,139,141,143,145,154,157,159,161,163,164,164,165,165,177,177,177,177,177,175,174,173,171,170,167,164,160,156,152,146,141,137,133,128,124,119,115,111,107,104,101,99,96,94,92,91,91,91,94,98,102,106,111,116,121,127,132,136,140,144,150,158,165,171,177,182,186,189,192,194,197,199,201,202,204,205,207,208,209,210,211,211,211,211,211
0,37,40,47,56,66,76,86,96,109,126,142,159,174,185,194,202,208,212,215,218,219,220,221,221,222,125,125,125,125,125,125,125,125,125,125,125,125,125,128,130,133,136,139,141,143,144,144,145,151,151,151,151,151,151,151,149,147,144,141,137,133,129,126,123,121,118,115,110,105,100,95,90,86,83,81,79,78,77,77,77,77,79,83,88,93,97,103,108,115,122,131,139,145,150,153,157,161,166,171,177,182,186,190,192,193,194,195,196,196,196,196,195,194,192,190,189,188,187
0,53,55,61,69,79,89,98,104,109,113,117,119,122,126,130,137,144,153,162,171,179,186,190,193,194,194,194,194,128,128,128,128,128,128,127,127,126,125,125,125,125,125,125,127,129,131,134,137,140,142,144,146,148,150,152,154,156,157,158,158,159,167,167,167,167,165,162,159,156,153,150,146,144,141,138,136,133,130,127,124,121,118,116,112,109,105,103,101,99,97,96,101,104,108,112,117,122,128,133,138,143,147,151,154,159,164,170,178,186,194,200,204,207,209,209,210,210,210,210,209,207,205,203,201,199,198,197
0,50,50,52,57,68,80,91,102,112,122,133,146,158,167,176,183,190,195,200,203,204,205,133,133,133,133,133,133,133,133,133,133,133,133,133,133,133,133,134,135,136,138,140,142,144,146,148,151,153,154,155,155,156,174,174,174,174,173,171,168,166,164,160,156,151,147,143,138,135,132,129,126,124,121,119,117,115,112,108,104,99,95,91,89,87,86,86,85,85,85,86,89,92,96,101,106,111,116,120,124,130,137,145,154,162,169,175,180,183,186,188,190,191,192,194,195,196,197,198,198,199,199,199,9
0,49,49,50,53,60,70,84,98,114,128,142,152,160,166,170,172,174,175,177,178,179,181,182,183,183,184,184,184,126,126,126,126,126,126,126,126,126,126,126,126,126,128,131,133,136,140,144,147,150,152,153,154,155,155,155,178,177,174,171,167,162,158,152,148,142,136,131,126,122,119,117,115,114,113,112,111,110,109,107,106,104,103,103,102,102,102,102,103,107,113,119,125,131,136,141,146,151,157,162,167,173,178,184,191,198,203,208,210,212,213,213,213,213,213,213,212,211,210,210,209,209,209,26
0,44,45,49,57,68,81,97,113,128,141,152,161,169,175,179,181,182,182,111,111,111,111,111,111,111,111,111,111,111,111,111,111,111,112,113,115,117,120,123,126,131,137,143,147,155,156,157,157,157,157,163,162,161,158,155,152,150,148,145,141,137,134,130,126,123,120,117,114,111,108,105,103,101,99,98,96,95,93,92,91,90,89,89,89,90,92,95,98,103,107,111,115,117,118,119,120,122,124,127,130,133,136,140,147,153,159,165,170,174,178,181,184,186,187,188,190,191,193,193,194,194,194,194,194,194,194
0,54,55,59,66,74,79,84,88,92,98,106,115,126,139,151,159,165,169,171,172,172,173,175,181,187,191,194,195,196,196,197,197,199,201,204,207,209,209,119,119,119,119,119,119,119,119,119,119,119,119,119,120,122,125,128,132,137,143,148,153,156,158,159,160,161,162,163,163,174,174,174,174,170,168,166,164,161,158,153,149,145,141,138,134,131,128,126,123,121,119,117,115,114,112,109,107,104,102,99,99,98,99,102,108,114,119,124,128,133,140,148,154,160,166,172,177,184,192,199,205,210,213,215,216,217,217,217,217,217,216,215,214,214,27
0,60,62,65,69,73,79,86,95,104,114,123,132,141,148,154,157,159,160,161,163,166,171,177,182,187,190,192,193,193,130,130,130,130,129,129,128,127,127,127,126,126,126,126,126,126,126,127,128,135,136,137,138,139,139,139,139,161,161,161,160,158,156,154,151,149,146,143,140,137,133,131,130,128,125,123,119,116,112,108,104,100,96,92,88,85,82,80,79,78,77,78,81,85,90,95,102,110,119,129,139,150,158,165,170,173,175,176,179,181,184,188,192,195,197,199,200,200,200,200,200,200,199,199,198
0,42,44,52,67,83,96,106,113,119,123,128,133,139,145,152,160,167,171,174,175,175,175,126,125,125,125,125,125,125,125,125,125,125,125,125,126,127,130,133,135,138,141,142,144,144,145,145,153,153,153,152,150,147,145,142,139,137,134,131,128,125,122,120,119,117,115,111,107,103,100,98,95,94,93,92,93,96,104,112,120,127,132,138,143,148,154,159,165,170,174,178,182,185,189,192,195,197,198,199,199,199,198,197,195,194,192,190,190
0,57,60,70,77,82,88,96,104,114,123,132,141,149,157,164,171,178,186,194,200,205,209,210,211,131,131,131,131,131,131,131,131,131,131,131,131,132,133,134,135,136,137,139,140,141,142,144,145,145,146,147,148,149,150,151,152,153,169,169,169,169,169,168,167,165,162,158,155,152,149,147,144,141,137,134,131,128,127,126,125,123,120,116,110,103,98,93,90,89,88,88,88,90,94,100,107,112,117,121,127,134,143,151,157,161,164,166,168,171,176,181,185,189,192,195,197,198,199,199,199,199,198,197,196,194,193,193
0,67,68,70,75,83,89,95,100,105,111,119,131,145,158,168,176,183,188,191,194,195,196,196,196,196,130,130,130,130,130,130,130,130,130,130,128,128,127,127,127,127,129,132,136,139,143,145,147,149,149,150,167,167,167,166,164,161,158,156,154,151,149,146,144,142,140,138,137,135,132,130,128,127,126,125,124,121,117,112,108,104,100,97,95,94,93,93,94,96,101,108,115,124,133,141,148,152,155,157,161,166,172,179,186,193,197,199,201,202,202,202,201,199,197,194,192,191,191,190,190
0,49,49,50,54,60,68,78,89,102,114,121,127,132,135,139,144,151,158,167,176,184,190,194,195,196,196,118,118,118,118,118,118,118,118,118,118,118,118,118,118,119,120,122,123,126,129,132,141,142,143,143,154,153,153,153,153,151,148,146,144,141,139,136,133,130,128,125,123,121,120,117,114,110,107,104,102,100,98,96,94,93,92,92,93,96,100,106,114,124,135,147,157,163,168,173,177,184,190,196,201,206,209,212,214,215,216,216,215,213,211,208,205,203,201,200
0,42,45,52,64,75,87,96,103,111,119,130,142,155,167,176,183,187,190,191,191,118,118,118,118,118,118,118,118,118,118,118,118,119,120,122,124,127,130,133,134,135,136,136,137,137,137,137,137,147,147,147,146,144,142,140,139,137,135,133,129,125,121,118,115,112,110,109,108,106,104,101,98,95,93,91,90,90,90,92,96,103,111,117,124,131,137,145,153,160,170,177,183,187,190,191,192,193,193,193,192,191,188,184,181,178,177,176,26
0,53,55,58,62,66,71,76,84,95,109,123,139,154,166,173,179,182,184,184,109,109,109,109,109,109,109,109,109,109,109,109,109,109,109,109,111,113,116,120,125,130,137,137,138,138,150,150,150,149,148,147,146,145,144,142,139,134,129,125,122,119,116,114,110,105,98,93,88,85,83,82,81,81,80,81,85,92,99,105,112,119,127,134,141,147,153,158,163,168,172,175,178,179,181,183,184,185,185,185,185,185,183,182,181,181
1,60,61,64,68,73,79,84,88,91,92,93,94,96,98,100,103,107,111,115,120,126,133,139,146,151,163,171,177,184,189,194,198,203,210,217,224,229,232,234,234,234,234,234,234,234,143,144,144,144,143,141,139,137,135,133,131,129,126,124,123,122,121,120,119,118,118,117,117,117,117,117,117,117,118,118,119,119,120,120,121,122,124,125,127,129,131,132,134,135,136,137,138,138,139,139,139,140,140,140,140,141,161,160,158,155,151,148,145,142,139,137,135,133,131,130,129,129,128,128,127,127,126,125,123,121,119,116,113,110,107,104,102,100,98,97,95,94,94,94,93,92,91,89,88,86,86,85,85,85,85,86,88,90,91,93,96,99,100,102,103,105,106,107,108,108,110,111,113,114,116,117,119,120,122,123,125,126,127,128,130,131,133,134,135,136,137,138,140,141,142,144,145,147,148,150,151,152,154,154,155,156,157,157,157,157,157,157,157,157,157,157,157,157,157,157,24
1,59,61,64,68,73,77,81,86,90,94,96,98,99,99,99,100,101,103,108,113,118,121,122,123,123,124,131,146,153,159,163,166,167,169,171,172,174,177,179,181,183,184,186,187,188,189,189,126,126,126,126,126,126,126,126,126,126,126,126,126,126,127,128,129,130,132,134,135,137,138,139,140,141,144,146,150,153,156,159,161,162,164,165,166,166,167,167,168,168,168,169,169,169,170,170,170,171,171,171,172,172,173,173,174,174,174,175,175,176,177,178,179,180,180,181,181,181,181,181,181,181,181,181,181,182,182,186,186,185,184,182,181,180,179,179,179,179,179,179,178,177,177,176,174,173,171,169,167,165,162,159,155,152,148,146,144,141,139,137,134,132,130,128,126,123,120,118,117,117,117,117,117,117,118,119,120,122,124,127,130,135,139,143,147,151,155,158,161,164,166,169,171,173,175,177,179,181,182,183,184,184,185,185,186,186,187,188,189,191,192,193,194,194,195,195,195,195,195,195,195,195,195
1,52,53,58,64,68,72,75,78,83,88,94,100,105,112,119,127,135,143,149,156,162,168,174,180,186,191,196,199,201,202,203,203,203,203,203,203,124,124,124,124,123,122,120,119,117,115,113,110,107,104,100,96,93,90,88,87,87,86,86,85,85,85,85,85,85,85,86,87,90,93,97,101,105,109,113,116,119,123,127,130,133,135,137,139,140,141,142,142,142,142,142,142,142,142,141,140,139,138,137,136,135,133,131,129,127,125,124,122,121,119,118,116,114,111,109,106,103,101,100,98,96,94,92,90,88,87,86,84,81,78,75,73,71,68,64,58,54,51,49,47,47,47,47,47,47,48,49,50,50,51,52,52,54,55,56,59,62,66,70,74,78,80,82,84,87,90,92,95,98,102,105,109,112,115,117,119,122,125,129,132,135,139,143,147,152,156,158,161,162,163,164,164,165,166,168,169,170,171,172,172,172,172,172,172,172,172,172,171
1,62,63,65,68,70,72,73,75,79,86,93,100,106,111,116,120,123,127,131,136,140,146,153,160,166,171,176,180,184,187,191,193,194,195,195,195,114,114,114,114,114,114,114,114,113,113,112,111,110,109,108,108,108,108,108,108,108,108,108,108,108,108,108,109,109,110,111,111,112,114,115,117,119,120,122,125,128,130,133,135,136,138,139,139,140,140,141,141,136,136,135,133,131,129,127,125,123,122,120,118,115,113,111,109,106,104,103,101,100,99,98,97,96,96,95,94,93,92,91,89,88,87,86,85,84,83,82,80,79,77,76,76,75,75,75,75,75,76,77,78,80,81,82,84,85,87,89,90,92,93,95,97,99,101,103,106,108,110,113,116,119,122,124,126,128,130,133,136,139,142,145,149,153,155,158,159,161,161,162,163,163,164,165,166,167,168,169,170,170,170,170,170,170,170,170,170,170
1,52,54,58,64,72,78,83,87,90,93,95,98,101,104,109,114,119,124,128,131,134,136,138,140,142,144,147,151,156,161,165,168,170,171,172,173,175,177,181,185,190,193,195,196,196,196,196,129,129,129,129,128,127,126,126,123,122,122,121,121,120,120,119,119,118,118,117,117,117,117,117,118,118,119,120,121,122,123,124,125,126,127,127,128,128,129,129,130,131,132,133,134,135,135,136,136,136,155,154,153,151,148,144,141,138,135,132,128,124,120,116,113,110,108,106,105,104,104,104,103,102,101,99,96,93,89,83,77,72,68,65,62,61,60,60,60,60,61,62,63,65,67,69,71,74,79,83,87,91,95,97,100,102,105,108,111,115,118,121,124,127,130,132,135,137,139,141,143,145,147,149,152,155,159,162,164,167,169,171,173,175,176,176,177,177,177,177,177,177,176,175,175
1,63,66,70,74,78,84,89,95,102,108,114,121,127,133,140,146,151,157,163,168,172,176,180,184,188,191,194,196,198,200,201,201,201,201,134,133,131,129,127,125,123,122,121,120,119,118,116,115,114,112,111,110,109,109,108,108,108,108,108,109,110,111,113,114,115,115,116,116,116,116,117,117,118,119,123,128,133,136,139,140,140,148,148,147,147,146,145,145,145,145,144,144,143,142,141,139,138,136,133,131,126,121,116,110,104,100,95,91,86,81,77,72,68,66,64,63,62,61,60,58,56,55,54,54,54,55,57,59,62,64,67,69,72,76,80,85,88,91,94,97,101,105,109,113,116,119,122,124,125,127,131,133,134,135,136,137,137,139,140,142,144,146,148,150,151,152,154,155,156,157,159,160,160,161,162,163,163,164,165,165,165,166,166,166,167,167,167,168,168
1,67,69,72,76,80,84,88,93,100,107,114,120,127,133,138,143,146,148,149,150,151,152,154,159,165,171,175,178,180,181,181,181,181,110,110,109,108,105,102,99,96,94,92,90,89,89,88,88,88,88,88,88,89,90,91,94,97,103,108,113,117,121,124,127,130,133,136,139,141,143,145,146,147,147,148,148,149,149,149,150,150,150,150,151,151,152,152,152,153,154,154,155,156,157,157,158,158,158,151,151,151,151,151,151,150,149,147,146,144,142,141,139,137,136,134,133,132,131,131,130,130,129,129,129,129,128,127,126,122,117,109,101,94,88,84,82,82,82,82,82,82,82,82,83,84,86,88,91,93,95,96,97,98,99,99,100,101,102,104,106,108,110,113,116,119,122,124,127,130,133,136,140,143,145,148,149,150,152,153,155,157,159,161,164,166,168,170,172,174,175,177,178,179,180,181,182,183,184,185,185,186,186,186,187,187,187,187,187
1,56,58,59,62,65,66,68,70,71,73,74,77,82,88,95,102,109,117,124,130,136,141,147,152,157,162,166,171,175,179,184,189,194,199,203,206,208,208,209,209,126,126,126,126,125,123,122,121,119,118,117,116,115,114,113,112,111,110,110,110,110,110,110,110,111,111,112,112,114,116,119,122,124,126,127,128,129,130,130,132,133,134,136,137,137,138,138,155,154,152,147,142,136,131,126,122,118,116,113,112,110,108,106,105,103,102,101,100,99,97,96,95,94,93,92,91,89,87,83,80,77,74,73,72,72,72,72,73,75,77,79,80,81,82,83,84,86,88,91,95,100,104,108,112,114,115,116,117,118,120,122,125,129,134,138,143,147,151,155,158,162,165,168,172,175,178,181,184,187,189,190,191,192,192,192,192,192,192,192,192
1,58,59,63,69,75,83,89,95,101,106,111,115,118,121,124,128,132,137,142,148,154,162,170,177,183,189,193,197,200,203,205,206,207,106,106,106,106,105,105,103,103,102,102,102,102,102,101,101,101,100,100,100,100,100,100,100,101,102,103,103,105,106,106,107,108,109,111,113,116,119,121,124,127,129,130,132,133,134,135,136,137,137,138,138,152,152,152,152,152,152,151,151,150,149,148,146,145,143,140,137,133,130,127,125,123,121,118,115,112,108,105,103,100,97,93,89,87,85,84,83,82,80,78,75,73,72,72,72,72,74,76,79,83,87,92,97,102,106,109,113,116,120,124,127,131,135,141,147,152,156,160,162,164,166,167,168,168,169,169,170,171,172,174,175,177,178,179,181,181,182,182,182,182,182,182,182
1,67,70,77,88,98,106,115,124,132,141,149,156,163,168,172,176,178,179,179,180,182,185,189,192,195,198,198,199,199,199,199,136,136,136,135,133,130,127,124,121,118,115,113,111,109,107,106,105,104,104,104,104,104,105,108,111,114,117,119,121,123,125,126,127,128,128,146,146,146,146,146,144,143,142,140,138,135,131,127,123,119,115,111,107,102,98,94,91,88,85,82,78,75,71,68,65,63,62,61,61,62,64,68,74,76,78,80,81,83,84,87,91,96,102,107,111,114,116,118,120,122,124,127,131,135,139,143,147,150,153,156,158,160,162,164,166,168,169,170,171,171,172,173,173,173,174,174
1,54,55,58,62,66,70,75,79,85,91,97,102,108,113,118,125,131,137,143,149,154,160,164,167,170,172,173,175,176,178,179,179,180,180,181,112,112,112,111,109,108,107,106,104,103,101,100,99,97,96,95,93,93,92,92,92,92,92,92,93,94,95,96,98,100,101,103,104,105,107,108,108,109,110,111,112,113,114,116,117,118,119,120,120,120,121,121,122,122,123,123,124,124,124,124,124,137,137,137,137,137,137,137,137,136,136,135,133,130,127,124,120,116,112,109,106,103,101,97,92,87,81,76,72,69,67,65,63,62,62,61,61,60,59,58,57,57,56,56,56,57,59,61,63,64,66,66,67,69,70,73,76,82,90,97,103,108,112,116,120,124,127,130,132,134,136,138,141,145,149,153,156,159,160,160,161,161,161,162,163,164,165,166,167,168,169,170,170,171,171,23
1,54,55,56,58,61,65,72,79,86,90,93,94,96,99,105,112,120,131,144,157,170,178,183,186,187,188,188,189,191,194,197,201,203,204,204,205,205,204,136,136,136,136,136,136,136,136,136,136,136,136,136,135,134,134,134,134,134,134,134,134,135,135,135,136,136,136,137,138,139,142,144,147,149,150,151,151,151,154,154,154,154,154,154,153,153,153,152,151,149,146,141,136,132,127,123,119,115,109,101,94,88,81,74,69,64,60,58,57,56,55,55,55,55,56,58,60,62,66,70,74,78,81,85,90,96,101,106,109,112,115,121,128,135,142,148,153,157,161,166,169,173,175,177,177,178,178,179,179,180,181,182,183,184,185,185,185,185,185,185,185,185,185,185,18
1,50,50,52,57,62,69,76,83,91,101,112,124,133,141,147,152,154,156,157,157,158,158,159,161,164,170,177,184,189,192,194,195,195,195,195,118,118,118,117,116,115,114,113,112,112,112,112,112,112,112,112,112,112,112,112,112,112,112,113,113,114,115,115,116,117,118,119,120,121,121,122,123,123,124,126,128,131,133,136,138,140,142,144,145,146,147,174,174,173,172,172,171,170,168,167,165,163,162,160,158,156,155,152,149,146,142,139,136,133,130,129,128,127,127,127,126,125,123,120,117,115,112,110,108,105,101,95,89,84,80,79,78,78,78,79,81,84,86,88,90,92,94,95,97,100,104,109,115,120,124,127,129,132,135,139,142,145,148,152,155,160,164,170,175,180,184,187,189,190,190,191,192,192,192,192,192,192,191,191,191,190,190,190,19
1,48,49,52,58,64,69,75,80,84,88,93,98,103,109,114,120,125,130,136,141,146,150,153,155,156,158,161,165,170,175,181,186,190,194,196,197,197,197,197,117,117,117,117,117,117,117,117,117,117,116,116,115,113,112,110,109,107,106,105,105,105,105,105,105,105,105,106,106,107,108,109,110,111,113,115,117,118,120,121,123,124,125,127,129,131,132,133,134,144,144,143,142,140,138,136,134,133,130,127,125,122,120,118,115,113,109,106,102,98,94,90,87,83,80,78,77,75,73,70,67,63,59,54,51,50,49,49,49,50,51,53,54,56,59,62,65,68,72,76,80,84,88,92,97,103,108,114,120,125,130,134,138,141,143,144,146,147,149,151,153,155,157,158,160,162,164,165,167,168,170,171,172,173,174,176,177,177,178,19
1,54,56,59,62,65,68,72,77,82,87,92,96,100,103,106,110,114,118,124,130,138,146,153,160,165,168,170,172,173,174,175,175,176,176,176,176,104,104,104,103,102,100,97,94,92,89,87,86,83,82,81,81,81,81,81,81,81,83,85,87,90,94,97,100,102,105,108,110,112,114,115,117,118,119,120,121,122,123,124,125,126,126,127,128,128,133,133,131,130,128,127,126,126,125,125,125,124,124,123,121,120,118,117,116,113,110,105,101,97,93,91,89,88,87,87,87,86,84,80,75,71,67,66,65,64,64,64,64,64,64,64,65,65,65,66,66,66,68,71,75,79,84,88,93,96,99,102,103,104,106,109,113,117,122,128,135,142,149,154,158,160,161,162,162,163,165,168,173,179,183,187,190,192,194,195,196,198,198,199,199
1,62,63,64,65,66,68,71,74,77,81,85,89,93,98,103,107,112,117,120,123,125,128,129,132,134,138,144,150,156,161,166,169,171,173,174,175,176,129,129,129,128,127,125,124,121,119,117,116,114,113,111,109,106,104,101,98,96,94,93,92,92,92,92,92,92,92,93,94,95,96,98,99,101,102,103,104,104,105,105,105,105,105,136,136,136,136,135,134,132,131,130,129,128,126,125,124,122,121,119,117,113,109,104,99,94,90,84,79,76,72,69,66,63,61,59,57,55,53,52,50,49,48,48,47,46,46,46,46,46,46,47,48,49,50,51,53,55,57,59,61,63,66,70,73,77,80,83,86,90,94,97,100,103,105,107,109,111,113,115,116,118,120,122,124,125,127,128,129,130,131,132,133,134,136,138,141,143,146,148,150,151,152,153,154,154,155,155
1,47,49,52,55,58,60,62,63,63,64,66,69,72,77,82,87,93,100,107,112,118,125,133,140,147,153,159,164,169,174,178,183,188,192,196,198,200,200,201,115,115,115,115,115,115,115,115,115,114,112,110,108,106,105,104,103,103,103,103,103,103,104,105,106,107,108,108,110,111,112,114,115,117,118,120,121,122,123,141,141,141,141,141,141,141,141,141,141,140,139,137,134,131,127,121,118,115,112,108,103,98,93,88,84,82,80,79,78,78,78,77,76,74,73,73,73,73,73,74,76,78,80,81,83,85,87,90,93,96,101,106,110,115,118,123,127,132,137,141,145,148,150,153,157,160,163,166,168,170,171,173,175,177,179,180,182,184,185,186,186,187,187,187,187
1,62,64,67,73,80,87,97,108,120,132,144,152,160,168,175,180,185,189,192,195,199,203,209,215,220,224,227,228,229,133,133,133,133,133,133,133,133,133,133,133,132,132,131,131,131,131,131,131,132,135,137,139,141,144,146,148,149,151,151,152,153,153,154,155,157,158,160,161,162,162,163,178,178,178,178,178,178,178,178,178,178,177,176,174,172,171,169,167,164,160,157,154,153,151,148,144,139,133,126,121,116,112,108,105,102,100,99,98,97,97,97,97,97,97,98,100,102,105,109,114,120,126,131,135,139,142,145,149,154,158,162,166,169,173,177,180,183,185,187,189,190,191,192,194,195,197,199,201,203,205,206,206,207,208,208,210,211,24
1,45,46,49,52,58,64,71,81,91,101,110,120,129,137,146,154,162,169,175,181,185,188,191,195,198,201,203,204,205,136,136,136,136,136,136,136,136,136,136,136,136,136,136,136,136,136,136,136,136,137,138,139,141,142,144,145,147,148,149,151,152,153,154,155,157,158,159,160,161,162,164,165,166,166,167,167,167,168,171,171,171,171,170,169,168,167,165,164,162,160,158,155,152,149,145,140,136,132,129,127,125,124,122,120,118,115,112,110,107,106,105,105,105,105,106,107,108,111,113,115,118,121,124,127,130,132,135,139,143,148,153,157,161,164,168,172,176,180,183,186,189,193,197,199,202,204,206,207,209,211,213,214,215,216,216,217,217,217
1,49,52,57,65,72,78,83,88,94,100,106,113,118,123,126,128,131,134,138,142,146,150,153,157,163,169,175,180,185,191,192,192,193,193,125,125,125,125,125,125,125,125,125,125,125,125,125,125,125,125,125,125,125,125,125,125,125,126,126,126,127,127,128,128,129,130,131,132,133,134,135,136,137,138,139,140,142,143,144,145,146,147,148,149,150,151,151,152,153,153,153,153,154,154,157,157,157,157,157,156,155,153,150,147,142,137,132,126,121,117,113,109,107,104,102,100,98,96,95,94,94,93,91,89,86,84,82,82,81,81,81,83,85,88,91,93,96,99,102,105,107,108,110,113,117,122,127,132,137,142,147,151,154,156,158,159,160,161,163,164,166,167,169,172,175,178,180,183,185,186,187,187,187,187,187,187,187,187,187,187,188,188,188,188,188,188
